Date,Price,Scatter,HKey
5-Dec-17,11595.00,,
4-Dec-17,11595.00,,
3-Dec-17,11157.00,,
2-Dec-17,10881.00,,
1-Dec-17,10869.00,,
30-Nov-17,9907.00,,
29-Nov-17,9749.40,9749.40,T
28-Nov-17,9898.00,,
27-Nov-17,9728.80,,
26-Nov-17,9316.00,,
25-Nov-17,8766.20,,
24-Nov-17,8191.60,,
23-Nov-17,7977.10,,
22-Nov-17,8230.10,,
21-Nov-17,8097.30,,
20-Nov-17,8245.10,,
19-Nov-17,8054.20,,
18-Nov-17,7773.30,,
17-Nov-17,7677.90,,
16-Nov-17,7864.20,,
15-Nov-17,7278.30,,
14-Nov-17,6579.20,,
13-Nov-17,6474.60,,
12-Nov-17,5822.10,5822.10,S
11-Nov-17,6300.70,,
10-Nov-17,6542.20,,
9-Nov-17,7126.20,,
8-Nov-17,7442.40,,
7-Nov-17,7103.30,,
6-Nov-17,6955.00,,
5-Nov-17,7382.00,,
4-Nov-17,7369.00,,
3-Nov-17,7278.40,,
2-Nov-17,7019.90,,
1-Nov-17,6727.30,,
31-Oct-17,6458.30,,
30-Oct-17,6125.30,,
29-Oct-17,6156.00,,
28-Oct-17,5720.60,,
27-Oct-17,5759.60,,
26-Oct-17,5890.00,,
25-Oct-17,5720.00,,
24-Oct-17,5509.50,,
23-Oct-17,5906.90,,
22-Oct-17,5980.50,,
21-Oct-17,6005.10,,
20-Oct-17,5984.50,,
19-Oct-17,5694.00,,
18-Oct-17,5565.00,,
17-Oct-17,5597.10,,
16-Oct-17,5764.40,,
15-Oct-17,5698.60,,
14-Oct-17,5835.00,,
13-Oct-17,5636.80,,
12-Oct-17,5428.50,,
11-Oct-17,4824.90,,
10-Oct-17,4777.00,,
9-Oct-17,4782.30,,
8-Oct-17,4613.10,,
7-Oct-17,4436.00,,
6-Oct-17,4371.00,,
5-Oct-17,4315.40,,
4-Oct-17,4215.10,,
3-Oct-17,4311.10,,
2-Oct-17,4400.10,,
1-Oct-17,4404.30,,
30-Sep-17,4367.00,,
29-Sep-17,4169.90,,
28-Sep-17,4190.00,,
27-Sep-17,4205.40,,
26-Sep-17,3879.10,,
25-Sep-17,3930.00,,
24-Sep-17,3652.80,,
23-Sep-17,3779.60,,
22-Sep-17,3598.50,,
21-Sep-17,3603.40,,
20-Sep-17,3873.20,,
19-Sep-17,3900.00,,
18-Sep-17,4084.10,,
17-Sep-17,3666.30,,
16-Sep-17,3685.40,,
15-Sep-17,3698.00,,
14-Sep-17,3238.10,,
13-Sep-17,3849.70,,
12-Sep-17,4142.90,4142.90,R
11-Sep-17,4203.00,,
10-Sep-17,4232.10,,
9-Sep-17,4317.90,,
8-Sep-17,4305.80,,
7-Sep-17,4613.50,,
6-Sep-17,4589.10,,
5-Sep-17,4374.90,,
4-Sep-17,4200.40,,
3-Sep-17,4595.00,,
2-Sep-17,4534.40,,
1-Sep-17,4904.90,,
31-Aug-17,4718.20,,
30-Aug-17,4569.00,,
29-Aug-17,4587.10,4587.10,Q
28-Aug-17,4383.80,,
27-Aug-17,4331.80,,
26-Aug-17,4341.70,,
25-Aug-17,4351.50,,
24-Aug-17,4325.20,,
23-Aug-17,4129.10,,
22-Aug-17,4074.00,,
21-Aug-17,4002.50,,
20-Aug-17,4064.30,,
19-Aug-17,4145.10,,
18-Aug-17,4090.20,,
17-Aug-17,4260.00,,
16-Aug-17,4386.30,,
15-Aug-17,4151.90,,
14-Aug-17,4319.50,,
13-Aug-17,4053.30,,
12-Aug-17,3865.50,,
11-Aug-17,3644.10,,
10-Aug-17,3407.90,,
9-Aug-17,3339.90,,
8-Aug-17,3415.00,,
7-Aug-17,3396.70,,
6-Aug-17,3227.90,,
5-Aug-17,3256.40,,
4-Aug-17,2860.00,,
3-Aug-17,2790.30,,
2-Aug-17,2702.00,,
1-Aug-17,2731.20,2731.20,P
31-Jul-17,2856.00,,
30-Jul-17,2749.00,,
29-Jul-17,2714.10,,
28-Jul-17,2784.80,,
27-Jul-17,2664.90,,
26-Jul-17,2525.70,,
25-Jul-17,2560.90,,
24-Jul-17,2769.70,,
23-Jul-17,2747.50,,
22-Jul-17,2845.70,,
21-Jul-17,2664.00,,
20-Jul-17,2856.30,,
19-Jul-17,2253.10,,
18-Jul-17,2302.10,,
17-Jul-17,2219.00,,
16-Jul-17,1924.90,,
15-Jul-17,1978.60,,
14-Jul-17,2205.10,,
13-Jul-17,2329.00,,
12-Jul-17,2374.40,,
11-Jul-17,2282.10,,
10-Jul-17,2318.30,,
9-Jul-17,2478.00,,
8-Jul-17,2542.00,,
7-Jul-17,2479.30,,
6-Jul-17,2593.10,,
5-Jul-17,2598.50,,
4-Jul-17,2582.60,,
3-Jul-17,2524.00,,
2-Jul-17,2445.00,,
1-Jul-17,2349.50,,
30-Jun-17,2420.70,,
29-Jun-17,2470.10,,
28-Jun-17,2518.20,,
27-Jun-17,2521.20,,
26-Jun-17,2394.60,,
25-Jun-17,2477.70,,
24-Jun-17,2502.60,,
23-Jun-17,2674.90,,
22-Jun-17,2672.80,,
21-Jun-17,2621.20,,
20-Jun-17,2712.20,,
19-Jun-17,2580.80,,
18-Jun-17,2491.50,,
17-Jun-17,2610.00,,
16-Jun-17,2437.00,,
15-Jun-17,2377.40,,
14-Jun-17,2395.04,,
13-Jun-17,2676.40,,
12-Jun-17,2571.80,2571.80,O
11-Jun-17,2936.30,,
10-Jun-17,2806.00,,
9-Jun-17,2809.00,,
8-Jun-17,2782.10,,
7-Jun-17,2642.63,,
6-Jun-17,2843.60,,
5-Jun-17,2636.20,,
4-Jun-17,2488.20,,
3-Jun-17,2461.00,,
2-Jun-17,2405.88,,
1-Jun-17,2311.60,,
31-May-17,2191.83,,
30-May-17,2146.70,,
29-May-17,2207.40,,
28-May-17,2056.60,,
27-May-17,1972.30,,
26-May-17,2127.30,,
25-May-17,2252.00,,
24-May-17,2394.80,,
23-May-17,2249.30,,
22-May-17,2085.50,,
21-May-17,2029.20,,
20-May-17,2059.70,,
19-May-17,1966.50,,
18-May-17,1941.50,,
17-May-17,1870.00,,
16-May-17,1785.70,,
15-May-17,1772.50,,
14-May-17,1828.10,,
13-May-17,1820.40,,
12-May-17,1735.00,,
11-May-17,1853.90,,
10-May-17,1796.80,,
9-May-17,1760.00,,
8-May-17,1703.20,,
7-May-17,1619.90,,
6-May-17,1597.10,,
5-May-17,1545.10,,
4-May-17,1607.10,,
3-May-17,1617.80,,
2-May-17,1560.00,,
1-May-17,1533.10,,
30-Apr-17,1435.20,,
29-Apr-17,1423.60,,
28-Apr-17,1415.60,,
27-Apr-17,1440.30,,
26-Apr-17,1399.30,,
25-Apr-17,1370.30,,
24-Apr-17,1345.00,,
23-Apr-17,1355.20,,
22-Apr-17,1347.50,,
21-Apr-17,1325.60,,
20-Apr-17,1308.40,,
19-Apr-17,1260.50,,
18-Apr-17,1265.40,,
17-Apr-17,1240.00,,
16-Apr-17,1212.00,,
15-Apr-17,1193.30,,
14-Apr-17,1206.80,,
13-Apr-17,1187.00,,
12-Apr-17,1227.40,,
11-Apr-17,1235.60,,
10-Apr-17,1220.30,,
9-Apr-17,1215.90,,
8-Apr-17,1188.10,,
7-Apr-17,1196.60,,
6-Apr-17,1191.50,,
5-Apr-17,1140.60,,
4-Apr-17,1145.00,,
3-Apr-17,1150.20,,
2-Apr-17,1107.60,,
1-Apr-17,1093.20,,
31-Mar-17,1081.70,,
30-Mar-17,1041.00,,
29-Mar-17,1041.80,,
28-Mar-17,1044.70,1044.70,N
27-Mar-17,1042.70,,
26-Mar-17,969.00,,
25-Mar-17,972.17,,
24-Mar-17,943.10,,
23-Mar-17,1033.00,,
22-Mar-17,1039.10,,
21-Mar-17,1115.00,,
20-Mar-17,1039.00,,
19-Mar-17,1016.10,,
18-Mar-17,971.00,,
17-Mar-17,1068.40,,
16-Mar-17,1169.00,,
15-Mar-17,1256.10,,
14-Mar-17,1245.00,,
13-Mar-17,1238.50,,
12-Mar-17,1225.20,,
11-Mar-17,1172.80,,
10-Mar-17,1113.60,1113.60,M
9-Mar-17,1190.40,,
8-Mar-17,1149.30,,
7-Mar-17,1232.40,,
6-Mar-17,1279.30,,
5-Mar-17,1278.40,,
4-Mar-17,1267.80,,
3-Mar-17,1288.20,,
2-Mar-17,1262.30,,
1-Mar-17,1232.80,,
28-Feb-17,1189.10,,
27-Feb-17,1195.50,,
26-Feb-17,1178.30,,
25-Feb-17,1153.00,,
24-Feb-17,1185.10,,
23-Feb-17,1190.90,,
22-Feb-17,1125.30,,
21-Feb-17,1129.60,,
20-Feb-17,1091.20,,
19-Feb-17,1056.20,,
18-Feb-17,1059.80,,
17-Feb-17,1056.20,,
16-Feb-17,1038.40,,
15-Feb-17,1013.80,,
14-Feb-17,1013.70,,
13-Feb-17,996.50,,
12-Feb-17,996.01,,
11-Feb-17,1000.30,,
10-Feb-17,992.00,,
9-Feb-17,984.97,,
8-Feb-17,1048.80,,
7-Feb-17,1052.10,,
6-Feb-17,1022.60,,
5-Feb-17,1006.60,,
4-Feb-17,1031.10,,
3-Feb-17,1015.70,,
2-Feb-17,1005.70,,
1-Feb-17,983.73,,
31-Jan-17,966.19,,
30-Jan-17,917.36,,
29-Jan-17,912.56,,
28-Jan-17,919.43,,
27-Jan-17,916.70,,
26-Jan-17,915.12,,
25-Jan-17,893.35,,
24-Jan-17,886.10,,
23-Jan-17,910.03,,
22-Jan-17,923.72,,
21-Jan-17,924.02,,
20-Jan-17,895.96,,
19-Jan-17,900.29,,
18-Jan-17,887.76,,
17-Jan-17,903.99,,
16-Jan-17,830.10,,
15-Jan-17,820.74,,
14-Jan-17,815.30,,
13-Jan-17,828.12,,
12-Jan-17,804.58,,
11-Jan-17,778.58,,
10-Jan-17,905.76,,
9-Jan-17,903.00,,
8-Jan-17,915.90,,
7-Jan-17,908.84,,
6-Jan-17,898.00,,
5-Jan-17,1003.20,,
4-Jan-17,1139.60,,
3-Jan-17,1037.50,,
2-Jan-17,1019.30,,
1-Jan-17,998.99,998.99,L
31-Dec-16,966.58,,
30-Dec-16,959.26,,
29-Dec-16,972.63,,
28-Dec-16,981.70,,
27-Dec-16,936.32,,
26-Dec-16,906.40,,
25-Dec-16,897.99,,
24-Dec-16,895.24,,
23-Dec-16,918.99,,
22-Dec-16,859.20,,
21-Dec-16,829.99,,
20-Dec-16,797.99,,
19-Dec-16,790.59,,
18-Dec-16,790.21,,
17-Dec-16,790.99,,
16-Dec-16,784.17,,
15-Dec-16,777.43,,
14-Dec-16,774.49,,
13-Dec-16,775.00,,
12-Dec-16,777.99,,
11-Dec-16,770.21,,
10-Dec-16,772.90,,
9-Dec-16,770.50,,
8-Dec-16,765.01,,
7-Dec-16,765.01,,
6-Dec-16,757.36,,
5-Dec-16,750.62,,
4-Dec-16,768.50,,
3-Dec-16,765.27,,
2-Dec-16,774.91,,
1-Dec-16,755.36,,
30-Nov-16,739.00,,
29-Nov-16,731.05,,
28-Nov-16,731.52,,
27-Nov-16,724.99,,
26-Nov-16,731.19,,
25-Nov-16,740.36,,
24-Nov-16,737.68,,
23-Nov-16,741.99,,
22-Nov-16,750.05,,
21-Nov-16,738.99,,
20-Nov-16,729.67,,
19-Nov-16,752.90,,
18-Nov-16,753.97,,
17-Nov-16,740.67,,
16-Nov-16,744.99,,
15-Nov-16,712.17,,
14-Nov-16,707.43,,
31-Oct-16,704.09,,
30-Oct-16,702.55,,
29-Oct-16,714.51,,
28-Oct-16,693.47,,
27-Oct-16,688.67,,
26-Oct-16,678.70,,
25-Oct-16,659.52,,
24-Oct-16,654.65,,
23-Oct-16,659.03,,
22-Oct-16,664.99,,
21-Oct-16,636.73,,
20-Oct-16,632.46,,
19-Oct-16,631.77,,
18-Oct-16,638.80,,
17-Oct-16,639.79,,
16-Oct-16,644.17,,
15-Oct-16,640.20,,
14-Oct-16,643.00,,
13-Oct-16,637.01,,
12-Oct-16,637.63,,
11-Oct-16,641.74,,
10-Oct-16,618.87,,
9-Oct-16,616.56,,
8-Oct-16,620.50,,
7-Oct-16,620.13,,
6-Oct-16,613.51,,
5-Oct-16,614.09,,
4-Oct-16,610.98,,
3-Oct-16,612.57,,
2-Oct-16,609.09,,
1-Oct-16,614.09,,
30-Sep-16,611.10,,
29-Sep-16,604.60,,
28-Sep-16,603.76,,
27-Sep-16,605.53,,
26-Sep-16,609.14,,
25-Sep-16,600.36,,
24-Sep-16,602.55,,
23-Sep-16,603.29,,
22-Sep-16,597.08,,
21-Sep-16,597.43,,
20-Sep-16,600.05,,
19-Sep-16,609.79,,
18-Sep-16,613.03,,
17-Sep-16,607.69,,
16-Sep-16,610.01,,
15-Sep-16,611.81,,
14-Sep-16,613.88,,
13-Sep-16,614.23,,
12-Sep-16,611.62,,
11-Sep-16,612.08,,
10-Sep-16,628.00,,
9-Sep-16,626.25,,
8-Sep-16,631.73,,
7-Sep-16,619.75,,
6-Sep-16,615.23,,
5-Sep-16,611.50,,
4-Sep-16,614.52,,
3-Sep-16,609.89,,
2-Sep-16,579.85,,
1-Sep-16,572.73,,
31-Aug-16,576.15,,
30-Aug-16,579.49,,
29-Aug-16,574.78,,
28-Aug-16,574.17,,
27-Aug-16,568.55,,
26-Aug-16,578.01,,
25-Aug-16,577.20,,
24-Aug-16,580.32,,
23-Aug-16,583.54,,
22-Aug-16,588.01,,
21-Aug-16,581.42,,
20-Aug-16,582.01,,
19-Aug-16,573.50,,
18-Aug-16,572.21,,
17-Aug-16,571.83,,
16-Aug-16,574.24,,
15-Aug-16,564.64,,
14-Aug-16,569.44,,
13-Aug-16,583.73,,
12-Aug-16,585.50,,
11-Aug-16,591.27,,
10-Aug-16,590.28,,
9-Aug-16,604.10,,
8-Aug-16,604.10,,
7-Aug-16,604.10,,
6-Aug-16,604.00,,
5-Aug-16,604.00,,
4-Aug-16,604.00,,
3-Aug-16,604.00,604.00,K
2-Aug-16,604.00,,
1-Aug-16,607.99,,
31-Jul-16,623.67,,
30-Jul-16,654.99,,
29-Jul-16,658.34,,
27-Jul-16,654.51,,
26-Jul-16,648.47,,
25-Jul-16,654.17,,
24-Jul-16,661.82,,
23-Jul-16,654.03,,
22-Jul-16,648.04,,
21-Jul-16,665.01,,
20-Jul-16,665.85,,
19-Jul-16,675.00,,
18-Jul-16,674.30,,
17-Jul-16,683.20,,
16-Jul-16,665.33,,
15-Jul-16,665.50,,
14-Jul-16,659.78,,
13-Jul-16,653.70,,
12-Jul-16,667.19,,
11-Jul-16,647.95,,
10-Jul-16,649.72,,
9-Jul-16,648.11,,
8-Jul-16,664.80,,
7-Jul-16,640.51,,
6-Jul-16,677.04,,
5-Jul-16,667.76,,
4-Jul-16,681.34,,
3-Jul-16,659.29,,
2-Jul-16,705.04,,
1-Jul-16,674.75,,
30-Jun-16,674.74,,
29-Jun-16,639.68,,
28-Jun-16,646.30,,
27-Jun-16,662.20,,
26-Jun-16,627.42,,
25-Jun-16,664.87,,
24-Jun-16,666.05,,
23-Jun-16,625.80,,
22-Jun-16,606.02,,
21-Jun-16,668.88,,
20-Jun-16,743.90,,
19-Jun-16,767.30,,
18-Jun-16,757.60,,
17-Jun-16,748.66,,
16-Jun-16,769.45,,
15-Jun-16,696.88,,
14-Jun-16,684.51,,
13-Jun-16,705.88,,
12-Jun-16,671.00,,
11-Jun-16,614.52,,
10-Jun-16,580.08,,
9-Jun-16,575.52,,
8-Jun-16,583.05,,
7-Jun-16,576.88,,
6-Jun-16,585.22,,
5-Jun-16,574.00,,
4-Jun-16,572.67,,
3-Jun-16,570.87,,
2-Jun-16,538.80,,
1-Jun-16,536.79,,
31-May-16,530.69,,
30-May-16,532.89,,
29-May-16,531.00,,
28-May-16,527.01,,
27-May-16,472.03,,
26-May-16,453.95,,
25-May-16,449.06,,
24-May-16,445.03,,
23-May-16,443.66,,
22-May-16,437.48,,
21-May-16,440.81,,
20-May-16,441.57,,
19-May-16,435.00,,
18-May-16,453.51,,
17-May-16,453.24,,
16-May-16,453.00,,
15-May-16,457.89,,
14-May-16,455.80,,
13-May-16,455.77,,
12-May-16,455.00,,
11-May-16,452.28,,
10-May-16,450.70,,
9-May-16,461.56,,
8-May-16,459.87,,
7-May-16,460.20,,
6-May-16,461.18,,
5-May-16,448.40,,
4-May-16,447.38,,
3-May-16,450.39,,
2-May-16,443.73,,
1-May-16,451.11,,
30-Apr-16,446.60,,
29-Apr-16,455.32,,
28-Apr-16,450.46,,
27-Apr-16,445.09,,
26-Apr-16,468.14,,
25-Apr-16,461.77,,
24-Apr-16,463.01,,
23-Apr-16,453.69,,
22-Apr-16,447.80,,
21-Apr-16,452.03,,
20-Apr-16,443.95,,
19-Apr-16,437.76,,
18-Apr-16,430.04,,
17-Apr-16,428.51,,
16-Apr-16,432.04,,
15-Apr-16,431.48,,
14-Apr-16,426.01,,
13-Apr-16,424.75,,
12-Apr-16,426.59,,
11-Apr-16,423.74,,
10-Apr-16,421.32,,
9-Apr-16,418.47,,
8-Apr-16,418.50,,
7-Apr-16,422.28,,
6-Apr-16,422.57,,
5-Apr-16,423.75,,
4-Apr-16,420.46,,
3-Apr-16,420.60,,
2-Apr-16,420.30,,
1-Apr-16,417.56,,
31-Mar-16,416.02,,
30-Mar-16,413.20,,
29-Mar-16,415.81,,
28-Mar-16,424.06,,
27-Mar-16,427.37,,
26-Mar-16,416.71,,
25-Mar-16,416.00,,
24-Mar-16,415.30,,
23-Mar-16,418.12,,
22-Mar-16,417.69,,
21-Mar-16,411.88,,
20-Mar-16,411.25,,
19-Mar-16,408.41,,
18-Mar-16,407.70,,
17-Mar-16,418.75,,
16-Mar-16,417.28,,
15-Mar-16,415.50,,
14-Mar-16,415.99,,
13-Mar-16,411.82,,
12-Mar-16,410.01,,
11-Mar-16,420.49,,
10-Mar-16,416.51,,
9-Mar-16,412.94,,
8-Mar-16,411.35,,
7-Mar-16,412.70,,
6-Mar-16,403.91,,
5-Mar-16,397.36,,
4-Mar-16,408.82,,
3-Mar-16,420.56,,
2-Mar-16,422.22,,
1-Mar-16,434.82,,
29-Feb-16,439.16,,
28-Feb-16,434.47,,
27-Feb-16,434.21,,
26-Feb-16,435.31,,
25-Feb-16,424.88,,
24-Feb-16,426.36,,
23-Feb-16,421.13,,
22-Feb-16,440.27,,
21-Feb-16,440.48,,
20-Feb-16,438.70,438.70,J
19-Feb-16,419.99,,
18-Feb-16,421.50,,
17-Feb-16,414.86,,
16-Feb-16,407.27,,
15-Feb-16,399.90,,
14-Feb-16,408.30,,
13-Feb-16,392.99,,
12-Feb-16,382.98,,
11-Feb-16,378.00,,
10-Feb-16,380.89,,
9-Feb-16,373.97,,
8-Feb-16,370.49,,
7-Feb-16,372.01,,
6-Feb-16,373.75,,
5-Feb-16,386.54,,
4-Feb-16,389.80,,
3-Feb-16,368.98,,
2-Feb-16,372.90,,
1-Feb-16,371.42,,
31-Jan-16,365.50,,
30-Jan-16,376.96,,
29-Jan-16,377.63,,
28-Jan-16,378.39,,
27-Jan-16,394.97,,
26-Jan-16,391.32,,
25-Jan-16,390.98,,
24-Jan-16,402.77,,
23-Jan-16,385.57,,
22-Jan-16,380.96,,
21-Jan-16,411.00,,
20-Jan-16,419.41,,
19-Jan-16,378.96,,
18-Jan-16,387.04,,
17-Jan-16,382.07,,
16-Jan-16,388.42,,
15-Jan-16,358.85,,
14-Jan-16,429.25,,
13-Jan-16,431.08,,
12-Jan-16,432.05,,
11-Jan-16,449.26,,
10-Jan-16,449.35,,
9-Jan-16,449.23,,
8-Jan-16,454.00,,
7-Jan-16,459.05,,
6-Jan-16,427.99,,
5-Jan-16,431.84,,
4-Jan-16,432.90,,
3-Jan-16,428.66,,
2-Jan-16,432.70,,
1-Jan-16,433.98,,
31-Dec-15,429.02,,
30-Dec-15,424.70,,
29-Dec-15,431.85,,
28-Dec-15,420.24,,
27-Dec-15,422.37,,
26-Dec-15,416.51,,
25-Dec-15,455.47,,
24-Dec-15,456.13,,
23-Dec-15,442.62,,
22-Dec-15,435.65,,
21-Dec-15,437.93,,
20-Dec-15,442.62,,
19-Dec-15,462.46,,
18-Dec-15,463.52,,
17-Dec-15,455.84,,
16-Dec-15,454.95,,
15-Dec-15,466.50,,
14-Dec-15,442.59,,
13-Dec-15,433.00,,
12-Dec-15,435.67,,
11-Dec-15,456.28,,
10-Dec-15,414.94,,
9-Dec-15,418.73,,
8-Dec-15,420.78,,
7-Dec-15,396.70,,
6-Dec-15,390.60,,
5-Dec-15,390.00,,
4-Dec-15,363.17,,
3-Dec-15,360.73,,
2-Dec-15,359.14,,
1-Dec-15,362.68,,
30-Nov-15,376.88,,
29-Nov-15,373.29,,
28-Nov-15,358.71,,
27-Nov-15,358.90,,
26-Nov-15,353.99,,
25-Nov-15,329.85,,
24-Nov-15,320.10,,
23-Nov-15,323.63,,
22-Nov-15,324.66,,
21-Nov-15,327.55,,
20-Nov-15,322.20,,
19-Nov-15,326.50,,
18-Nov-15,335.95,,
17-Nov-15,336.29,,
16-Nov-15,332.14,,
15-Nov-15,321.07,,
14-Nov-15,333.40,,
13-Nov-15,338.54,,
12-Nov-15,336.57,,
11-Nov-15,314.00,,
10-Nov-15,340.20,,
9-Nov-15,381.01,,
8-Nov-15,374.00,,
7-Nov-15,384.61,,
6-Nov-15,375.56,,
5-Nov-15,387.96,,
4-Nov-15,409.24,,
3-Nov-15,405.29,,
2-Nov-15,365.00,,
1-Nov-15,330.69,,
31-Oct-15,316.00,,
30-Oct-15,328.19,,
29-Oct-15,314.88,,
28-Oct-15,304.50,,
27-Oct-15,295.17,,
26-Oct-15,287.22,,
25-Oct-15,284.79,,
24-Oct-15,284.19,,
23-Oct-15,279.21,,
22-Oct-15,275.83,,
21-Oct-15,267.80,,
20-Oct-15,270.97,,
19-Oct-15,265.05,,
18-Oct-15,265.04,,
17-Oct-15,272.94,,
16-Oct-15,263.47,,
15-Oct-15,255.19,,
14-Oct-15,253.54,,
13-Oct-15,251.25,,
12-Oct-15,246.09,,
11-Oct-15,247.92,,
10-Oct-15,246.01,,
9-Oct-15,244.82,,
8-Oct-15,242.97,,
7-Oct-15,244.20,,
6-Oct-15,247.36,,
5-Oct-15,242.01,,
4-Oct-15,239.50,,
3-Oct-15,239.79,,
2-Oct-15,237.86,,
1-Oct-15,238.48,,
30-Sep-15,236.49,,
29-Sep-15,236.80,,
28-Sep-15,240.43,,
27-Sep-15,233.37,,
26-Sep-15,234.63,,
25-Sep-15,235.26,,
24-Sep-15,234.65,,
23-Sep-15,230.54,,
22-Sep-15,231.27,,
21-Sep-15,227.22,,
20-Sep-15,232.12,,
19-Sep-15,232.09,,
18-Sep-15,233.78,233.78,I
17-Sep-15,233.61,,
16-Sep-15,228.99,,
15-Sep-15,230.93,,
14-Sep-15,230.89,,
13-Sep-15,230.96,,
12-Sep-15,235.77,,
11-Sep-15,240.60,,
10-Sep-15,239.49,,
9-Sep-15,238.95,,
8-Sep-15,244.20,,
7-Sep-15,240.85,,
6-Sep-15,240.97,,
5-Sep-15,235.84,,
4-Sep-15,230.89,,
3-Sep-15,227.25,,
2-Sep-15,229.71,,
1-Sep-15,228.24,,
31-Aug-15,231.35,,
30-Aug-15,229.99,,
29-Aug-15,230.75,,
28-Aug-15,231.83,,
27-Aug-15,225.80,,
26-Aug-15,226.21,,
25-Aug-15,222.66,,
24-Aug-15,210.50,,
23-Aug-15,228.53,,
22-Aug-15,230.27,,
21-Aug-15,232.17,,
20-Aug-15,235.54,,
19-Aug-15,226.24,,
18-Aug-15,183.01,,
17-Aug-15,258.49,,
16-Aug-15,259.90,,
15-Aug-15,262.14,,
14-Aug-15,266.09,,
13-Aug-15,264.47,,
12-Aug-15,267.09,,
11-Aug-15,271.96,,
10-Aug-15,265.10,,
9-Aug-15,265.58,,
8-Aug-15,261.34,,
7-Aug-15,280.12,,
6-Aug-15,279.08,,
5-Aug-15,282.61,,
4-Aug-15,285.47,,
3-Aug-15,281.27,,
2-Aug-15,282.49,,
1-Aug-15,280.33,,
31-Jul-15,284.45,,
30-Jul-15,288.21,,
29-Jul-15,289.92,,
28-Jul-15,295.23,,
27-Jul-15,294.84,,
26-Jul-15,293.01,,
25-Jul-15,289.36,,
24-Jul-15,288.60,,
23-Jul-15,276.51,,
22-Jul-15,277.99,,
21-Jul-15,275.78,,
20-Jul-15,280.31,,
19-Jul-15,275.03,,
18-Jul-15,277.25,,
17-Jul-15,279.85,,
16-Jul-15,278.93,,
15-Jul-15,285.44,,
14-Jul-15,286.87,,
13-Jul-15,292.65,,
12-Jul-15,311.12,,
10-Jul-15,286.70,,
9-Jul-15,269.22,,
8-Jul-15,270.83,,
7-Jul-15,265.51,,
6-Jul-15,274.83,,
5-Jul-15,265.20,,
4-Jul-15,260.58,,
3-Jul-15,256.05,,
2-Jul-15,254.52,,
1-Jul-15,258.10,,
30-Jun-15,262.89,,
29-Jun-15,256.69,,
28-Jun-15,248.72,,
27-Jun-15,251.61,,
26-Jun-15,243.29,,
25-Jun-15,242.05,,
24-Jun-15,239.80,,
23-Jun-15,244.25,,
22-Jun-15,246.67,,
21-Jun-15,244.25,,
20-Jun-15,245.38,,
19-Jun-15,244.58,,
18-Jun-15,249.51,,
17-Jun-15,248.95,,
16-Jun-15,252.08,,
15-Jun-15,236.98,,
14-Jun-15,233.54,,
13-Jun-15,232.87,,
12-Jun-15,229.44,,
11-Jun-15,229.82,,
10-Jun-15,228.60,,
9-Jun-15,229.05,,
8-Jun-15,228.76,,
7-Jun-15,223.26,,
6-Jun-15,225.65,,
5-Jun-15,224.51,,
4-Jun-15,223.24,,
3-Jun-15,225.11,,
2-Jun-15,224.68,,
1-Jun-15,222.00,,
31-May-15,228.70,,
30-May-15,232.54,,
29-May-15,236.52,,
28-May-15,236.86,,
27-May-15,236.85,,
26-May-15,237.36,,
25-May-15,237.10,,
24-May-15,240.95,,
23-May-15,238.81,,
22-May-15,240.97,,
21-May-15,235.27,,
20-May-15,234.24,,
19-May-15,231.70,,
18-May-15,232.82,,
17-May-15,236.22,,
16-May-15,235.70,,
15-May-15,237.30,,
14-May-15,236.68,,
13-May-15,235.80,,
12-May-15,241.78,,
11-May-15,242.47,,
10-May-15,240.57,,
9-May-15,242.54,,
8-May-15,244.50,,
7-May-15,237.29,,
6-May-15,229.27,,
5-May-15,235.87,,
4-May-15,238.54,,
3-May-15,240.70,,
2-May-15,234.81,,
1-May-15,231.78,,
30-Apr-15,236.11,,
29-Apr-15,225.23,,
28-Apr-15,225.30,,
27-Apr-15,227.68,,
26-Apr-15,219.70,,
25-Apr-15,226.10,,
24-Apr-15,231.38,,
23-Apr-15,236.01,,
22-Apr-15,234.14,,
21-Apr-15,235.80,,
20-Apr-15,224.21,,
19-Apr-15,222.21,,
18-Apr-15,223.08,,
17-Apr-15,222.40,,
16-Apr-15,228.47,,
15-Apr-15,223.98,,
14-Apr-15,220.19,,
13-Apr-15,225.00,,
12-Apr-15,236.38,,
11-Apr-15,236.86,,
10-Apr-15,236.12,,
9-Apr-15,243.58,,
8-Apr-15,244.92,,
7-Apr-15,253.71,,
6-Apr-15,255.61,,
5-Apr-15,260.50,,
4-Apr-15,253.60,,
3-Apr-15,254.23,,
2-Apr-15,253.23,,
1-Apr-15,246.93,,
31-Mar-15,244.33,,
30-Mar-15,247.93,,
29-Mar-15,242.44,,
28-Mar-15,252.95,,
27-Mar-15,246.50,,
26-Mar-15,249.19,,
25-Mar-15,245.92,,
24-Mar-15,246.00,,
23-Mar-15,267.23,,
22-Mar-15,268.82,,
21-Mar-15,260.47,,
20-Mar-15,262.19,,
19-Mar-15,261.86,,
18-Mar-15,257.30,,
17-Mar-15,285.25,,
16-Mar-15,291.22,,
15-Mar-15,286.90,,
14-Mar-15,282.60,,
13-Mar-15,283.28,,
12-Mar-15,295.56,,
11-Mar-15,296.70,,
10-Mar-15,292.70,,
9-Mar-15,291.03,,
8-Mar-15,275.59,,
7-Mar-15,276.97,,
6-Mar-15,273.20,,
5-Mar-15,277.69,,
4-Mar-15,273.33,,
3-Mar-15,283.75,,
2-Mar-15,277.30,,
1-Mar-15,262.40,,
28-Feb-15,255.70,,
27-Feb-15,254.96,,
26-Feb-15,236.93,,
25-Feb-15,237.99,,
24-Feb-15,239.73,,
23-Feb-15,239.40,,
22-Feb-15,236.50,,
21-Feb-15,245.55,,
20-Feb-15,244.50,,
19-Feb-15,240.20,,
18-Feb-15,236.30,,
17-Feb-15,244.00,,
16-Feb-15,233.60,,
15-Feb-15,235.88,,
14-Feb-15,257.20,,
13-Feb-15,236.06,,
12-Feb-15,222.37,,
11-Feb-15,219.79,,
10-Feb-15,220.87,,
9-Feb-15,221.10,,
8-Feb-15,223.99,,
7-Feb-15,229.00,,
6-Feb-15,223.20,,
5-Feb-15,216.76,,
4-Feb-15,227.11,,
3-Feb-15,228.58,,
2-Feb-15,237.83,,
1-Feb-15,228.99,,
31-Jan-15,218.45,,
30-Jan-15,229.07,,
29-Jan-15,235.03,,
28-Jan-15,236.09,,
27-Jan-15,263.65,,
26-Jan-15,274.48,,
25-Jan-15,254.53,,
24-Jan-15,240.00,,
23-Jan-15,235.00,,
22-Jan-15,226.32,,
21-Jan-15,225.51,,
20-Jan-15,218.00,,
19-Jan-15,213.21,,
18-Jan-15,209.85,,
17-Jan-15,201.23,,
16-Jan-15,206.68,,
15-Jan-15,217.72,,
14-Jan-15,183.16,,
13-Jan-15,229.84,,
12-Jan-15,267.62,,
11-Jan-15,266.19,,
10-Jan-15,275.04,,
9-Jan-15,292.83,,
8-Jan-15,285.64,,
7-Jan-15,297.00,,
6-Jan-15,285.39,,
5-Jan-15,273.20,,
4-Jan-15,258.78,,
3-Jan-15,281.99,,
2-Jan-15,315.11,,
1-Jan-15,313.85,,
31-Dec-14,317.00,,
30-Dec-14,308.79,,
29-Dec-14,311.92,,
28-Dec-14,317.53,,
27-Dec-14,315.91,,
26-Dec-14,328.49,,
25-Dec-14,319.00,,
24-Dec-14,322.79,,
23-Dec-14,332.91,,
22-Dec-14,329.02,,
21-Dec-14,317.21,,
20-Dec-14,329.07,,
19-Dec-14,315.74,,
18-Dec-14,308.26,,
17-Dec-14,318.19,,
16-Dec-14,330.61,,
15-Dec-14,347.19,,
14-Dec-14,352.67,,
13-Dec-14,350.88,,
12-Dec-14,352.84,,
11-Dec-14,350.04,,
10-Dec-14,346.92,,
9-Dec-14,353.85,,
8-Dec-14,363.31,,
7-Dec-14,374.43,,
6-Dec-14,372.77,,
5-Dec-14,378.39,,
4-Dec-14,370.26,,
3-Dec-14,375.74,,
2-Dec-14,382.01,,
1-Dec-14,377.60,,
30-Nov-14,376.72,,
29-Nov-14,374.49,,
28-Nov-14,375.57,,
27-Nov-14,369.57,,
26-Nov-14,367.87,,
25-Nov-14,375.82,,
24-Nov-14,373.15,,
23-Nov-14,360.57,,
22-Nov-14,346.35,,
21-Nov-14,349.33,,
20-Nov-14,355.88,,
19-Nov-14,379.16,,
18-Nov-14,370.00,,
17-Nov-14,387.56,,
16-Nov-14,388.21,,
15-Nov-14,376.51,,
14-Nov-14,399.07,,
13-Nov-14,419.42,,
12-Nov-14,417.87,,
11-Nov-14,367.00,,
10-Nov-14,367.97,,
9-Nov-14,360.00,,
8-Nov-14,344.99,,
7-Nov-14,341.50,,
6-Nov-14,348.50,,
5-Nov-14,337.55,,
4-Nov-14,326.90,,
3-Nov-14,323.56,,
2-Nov-14,322.50,,
1-Nov-14,327.18,,
31-Oct-14,337.00,,
30-Oct-14,343.85,,
29-Oct-14,333.20,,
28-Oct-14,353.10,,
27-Oct-14,350.65,,
26-Oct-14,349.99,,
25-Oct-14,347.41,,
24-Oct-14,356.15,,
23-Oct-14,355.98,,
22-Oct-14,379.96,,
21-Oct-14,382.84,,
20-Oct-14,380.98,,
19-Oct-14,386.25,,
18-Oct-14,390.00,,
17-Oct-14,380.25,,
16-Oct-14,379.29,,
15-Oct-14,393.46,,
14-Oct-14,397.94,,
13-Oct-14,383.35,,
12-Oct-14,372.03,,
11-Oct-14,361.27,,
10-Oct-14,359.51,,
9-Oct-14,363.45,,
8-Oct-14,350.04,,
7-Oct-14,330.97,,
6-Oct-14,323.84,,
5-Oct-14,322.45,,
4-Oct-14,328.66,,
3-Oct-14,357.69,,
2-Oct-14,371.74,,
1-Oct-14,383.00,,
30-Sep-14,387.14,,
29-Sep-14,369.60,,
28-Sep-14,374.71,,
27-Sep-14,397.25,,
26-Sep-14,402.97,,
25-Sep-14,409.09,,
24-Sep-14,420.41,,
23-Sep-14,429.13,,
22-Sep-14,397.67,,
21-Sep-14,400.69,,
20-Sep-14,411.59,,
19-Sep-14,395.27,,
18-Sep-14,427.18,,
17-Sep-14,456.77,,
16-Sep-14,465.13,,
15-Sep-14,469.90,,
14-Sep-14,476.49,,
13-Sep-14,478.10,,
12-Sep-14,471.81,,
11-Sep-14,477.09,,
10-Sep-14,477.33,,
9-Sep-14,472.66,,
8-Sep-14,470.43,,
7-Sep-14,479.73,,
6-Sep-14,481.32,,
5-Sep-14,477.59,,
4-Sep-14,489.20,,
3-Sep-14,474.04,,
2-Sep-14,476.79,,
1-Sep-14,485.83,,
31-Aug-14,483.37,,
30-Aug-14,499.00,,
29-Aug-14,507.52,,
28-Aug-14,507.75,,
27-Aug-14,510.99,,
26-Aug-14,508.43,,
25-Aug-14,502.50,,
24-Aug-14,507.30,,
23-Aug-14,500.15,,
22-Aug-14,515.57,,
21-Aug-14,515.87,,
20-Aug-14,516.98,,
19-Aug-14,490.30,,
18-Aug-14,478.20,,
17-Aug-14,501.32,,
16-Aug-14,527.17,,
15-Aug-14,506.23,,
14-Aug-14,510.00,,
13-Aug-14,549.00,,
12-Aug-14,566.00,,
11-Aug-14,572.50,,
10-Aug-14,580.00,,
9-Aug-14,583.30,,
8-Aug-14,586.41,,
7-Aug-14,582.25,,
6-Aug-14,577.50,,
5-Aug-14,574.95,,
4-Aug-14,581.11,,
3-Aug-14,582.06,,
2-Aug-14,587.75,,
1-Aug-14,594.92,,
31-Jul-14,579.04,,
30-Jul-14,551.00,,
29-Jul-14,575.00,,
28-Jul-14,586.38,,
27-Jul-14,590.50,,
26-Jul-14,594.00,,
25-Jul-14,598.00,,
24-Jul-14,600.31,,
23-Jul-14,617.21,,
22-Jul-14,612.59,,
21-Jul-14,619.79,,
20-Jul-14,618.91,,
19-Jul-14,625.25,,
18-Jul-14,627.46,,
17-Jul-14,627.60,,
16-Jul-14,621.04,,
15-Jul-14,620.87,,
14-Jul-14,622.40,,
13-Jul-14,624.00,,
12-Jul-14,626.00,,
11-Jul-14,625.50,,
10-Jul-14,610.00,,
9-Jul-14,620.24,,
8-Jul-14,618.50,,
7-Jul-14,624.00,,
6-Jul-14,633.25,,
5-Jul-14,630.00,,
4-Jul-14,632.24,,
3-Jul-14,643.62,,
2-Jul-14,647.90,,
1-Jul-14,650.77,,
30-Jun-14,640.01,,
29-Jun-14,603.65,,
28-Jun-14,600.10,,
27-Jun-14,606.18,,
26-Jun-14,577.90,,
25-Jun-14,568.07,,
24-Jun-14,587.28,,
23-Jun-14,599.25,,
22-Jun-14,607.80,,
21-Jun-14,601.61,,
20-Jun-14,601.00,,
19-Jun-14,602.00,,
18-Jun-14,611.50,,
17-Jun-14,614.25,,
16-Jun-14,580.00,,
15-Jun-14,571.00,,
14-Jun-14,554.37,,
13-Jun-14,582.59,,
12-Jun-14,590.01,,
11-Jun-14,637.10,,
10-Jun-14,653.64,,
9-Jun-14,653.73,,
8-Jun-14,662.35,,
7-Jun-14,663.00,,
6-Jun-14,655.00,,
5-Jun-14,663.25,,
4-Jun-14,652.29,,
3-Jun-14,682.88,,
2-Jun-14,669.50,,
1-Jun-14,646.50,,
31-May-14,635.60,,
30-May-14,629.00,,
29-May-14,572.99,,
28-May-14,577.01,,
27-May-14,570.00,,
26-May-14,575.00,,
25-May-14,566.15,,
24-May-14,502.30,,
23-May-14,509.55,,
22-May-14,502.30,,
21-May-14,477.65,,
20-May-14,475.95,,
19-May-14,438.97,,
18-May-14,438.75,,
17-May-14,441.97,,
16-May-14,442.28,,
15-May-14,441.99,,
14-May-14,444.00,,
13-May-14,437.25,,
12-May-14,440.00,,
11-May-14,432.00,,
10-May-14,451.10,,
9-May-14,446.00,,
8-May-14,442.80,,
7-May-14,438.00,,
6-May-14,430.00,,
5-May-14,427.01,,
4-May-14,430.87,,
3-May-14,440.54,,
2-May-14,453.50,,
1-May-14,459.00,,
30-Apr-14,448.27,,
29-Apr-14,434.00,,
28-Apr-14,448.00,,
27-Apr-14,441.45,,
26-Apr-14,459.00,,
25-Apr-14,460.00,,
24-Apr-14,497.50,,
23-Apr-14,490.21,,
22-Apr-14,488.00,,
21-Apr-14,497.00,,
20-Apr-14,512.45,,
19-Apr-14,505.00,,
18-Apr-14,490.54,,
17-Apr-14,500.71,,
16-Apr-14,522.25,,
15-Apr-14,515.00,,
14-Apr-14,459.00,,
13-Apr-14,404.22,,
12-Apr-14,415.00,,
11-Apr-14,416.26,,
10-Apr-14,370.00,,
9-Apr-14,442.50,,
8-Apr-14,448.75,,
7-Apr-14,454.20,,
6-Apr-14,453.69,,
5-Apr-14,460.80,,
4-Apr-14,449.99,,
3-Apr-14,448.78,,
2-Apr-14,443.33,,
1-Apr-14,482.83,,
31-Mar-14,452.00,,
30-Mar-14,464.10,,
29-Mar-14,491.92,,
28-Mar-14,497.44,,
27-Mar-14,498.53,,
26-Mar-14,595.00,,
25-Mar-14,582.01,,
24-Mar-14,590.00,,
23-Mar-14,566.20,,
22-Mar-14,560.00,,
21-Mar-14,568.80,,
20-Mar-14,583.48,,
19-Mar-14,611.00,,
18-Mar-14,618.37,,
17-Mar-14,624.33,,
16-Mar-14,635.01,,
15-Mar-14,641.64,,
14-Mar-14,630.00,,
13-Mar-14,641.99,,
12-Mar-14,650.00,,
11-Mar-14,615.00,,
10-Mar-14,615.00,,
9-Mar-14,621.00,,
8-Mar-14,614.14,,
7-Mar-14,621.00,,
6-Mar-14,663.00,,
5-Mar-14,675.00,,
4-Mar-14,668.00,,
3-Mar-14,658.00,,
2-Mar-14,560.62,,
1-Mar-14,568.21,,
28-Feb-14,565.00,,
27-Feb-14,579.00,,
26-Feb-14,582.00,,
25-Feb-14,515.00,515.00,H
24-Feb-14,562.43,,
23-Feb-14,619.00,,
22-Feb-14,595.22,,
21-Feb-14,568.00,,
20-Feb-14,578.88,,
19-Feb-14,630.41,,
18-Feb-14,628.00,,
17-Feb-14,663.85,,
16-Feb-14,608.00,,
15-Feb-14,653.38,,
14-Feb-14,682.00,,
13-Feb-14,634.26,,
12-Feb-14,685.00,,
11-Feb-14,658.87,,
10-Feb-14,706.32,,
9-Feb-14,710.00,,
8-Feb-14,690.00,,
7-Feb-14,720.00,,
6-Feb-14,771.55,,
5-Feb-14,791.00,,
4-Feb-14,813.00,,
3-Feb-14,810.00,,
1-Feb-14,814.65,,
31-Jan-14,800.00,,
30-Jan-14,803.95,,
29-Jan-14,800.00,,
28-Jan-14,795.00,,
27-Jan-14,760.29,,
26-Jan-14,809.65,,
25-Jan-14,810.00,,
24-Jan-14,781.87,,
23-Jan-14,816.21,,
22-Jan-14,807.00,,
21-Jan-14,810.00,,
20-Jan-14,823.35,,
19-Jan-14,830.00,,
18-Jan-14,800.00,,
17-Jan-14,789.00,,
16-Jan-14,824.00,,
15-Jan-14,839.73,,
14-Jan-14,826.85,,
13-Jan-14,818.40,,
12-Jan-14,888.10,,
11-Jan-14,896.88,,
10-Jan-14,834.75,,
9-Jan-14,850.00,,
8-Jan-14,828.54,,
7-Jan-14,791.00,,
6-Jan-14,934.55,,
5-Jan-14,904.00,,
4-Jan-14,801.84,,
3-Jan-14,812.05,,
2-Jan-14,775.00,,
1-Jan-14,740.30,,
31-Dec-13,727.71,,
30-Dec-13,737.24,,
29-Dec-13,714.29,,
28-Dec-13,701.00,,
27-Dec-13,718.89,,
26-Dec-13,740.00,,
24-Dec-13,647.33,,
23-Dec-13,640.37,,
22-Dec-13,622.10,,
21-Dec-13,607.68,,
20-Dec-13,599.00,,
19-Dec-13,702.03,,
18-Dec-13,551.38,,
17-Dec-13,731.94,731.94,G
16-Dec-13,704.77,,
15-Dec-13,864.87,,
14-Dec-13,897.95,,
13-Dec-13,912.55,,
12-Dec-13,900.53,,
11-Dec-13,921.78,,
10-Dec-13,1023.00,,
9-Dec-13,935.79,,
8-Dec-13,730.00,,
7-Dec-13,800.57,,
6-Dec-13,872.56,,
5-Dec-13,1030.58,,
4-Dec-13,1145.00,,
3-Dec-13,1047.98,,
2-Dec-13,998.07,,
1-Dec-13,955.00,,
30-Nov-13,1112.35,,
29-Nov-13,1107.51,1107.51,F
28-Nov-13,1010.00,,
27-Nov-13,948.00,,
26-Nov-13,849.57,,
25-Nov-13,782.77,,
24-Nov-13,813.72,,
23-Nov-13,842.20,,
22-Nov-13,760.00,,
21-Nov-13,700.00,,
20-Nov-13,550.00,,
19-Nov-13,599.00,,
18-Nov-13,585.16,585.16,E
17-Nov-13,473.27,,
16-Nov-13,435.27,,
15-Nov-13,400.00,,
14-Nov-13,418.00,,
13-Nov-13,387.73,,
12-Nov-13,350.16,,
11-Nov-13,338.57,,
10-Nov-13,311.90,,
9-Nov-13,336.14,,
8-Nov-13,323.77,,
7-Nov-13,283.30,283.30,D
6-Nov-13,253.69,,
5-Nov-13,239.29,,
4-Nov-13,225.20,,
3-Nov-13,207.63,,
2-Nov-13,200.85,,
1-Nov-13,198.51,,
31-Oct-13,198.23,,
30-Oct-13,194.55,,
29-Oct-13,198.19,,
28-Oct-13,187.87,,
27-Oct-13,185.69,,
26-Oct-13,175.90,,
25-Oct-13,178.12,178.12,C
24-Oct-13,183.15,,
23-Oct-13,200.62,,
22-Oct-13,183.86,,
21-Oct-13,174.18,,
20-Oct-13,163.06,,
19-Oct-13,159.81,,
18-Oct-13,149.59,,
17-Oct-13,142.73,,
16-Oct-13,137.42,,
15-Oct-13,138.64,,
14-Oct-13,133.04,,
13-Oct-13,130.42,,
12-Oct-13,126.52,,
11-Oct-13,125.51,,
10-Oct-13,125.70,,
9-Oct-13,125.84,,
8-Oct-13,124.32,,
7-Oct-13,123.24,,
6-Oct-13,121.68,,
5-Oct-13,121.14,,
4-Oct-13,121.29,,
3-Oct-13,116.82,,
2-Oct-13,99.81,,
1-Oct-13,125.49,,
30-Sep-13,123.10,,
29-Sep-13,125.18,,
28-Sep-13,124.75,,
27-Sep-13,123.50,,
26-Sep-13,123.48,,
25-Sep-13,123.42,,
24-Sep-13,122.54,,
23-Sep-13,122.22,,
22-Sep-13,122.65,,
21-Sep-13,122.64,,
20-Sep-13,122.90,,
19-Sep-13,124.19,,
18-Sep-13,126.30,,
17-Sep-13,125.97,,
16-Sep-13,125.06,,
15-Sep-13,124.58,,
14-Sep-13,124.08,,
13-Sep-13,126.51,,
12-Sep-13,125.76,,
11-Sep-13,125.45,,
10-Sep-13,121.46,,
9-Sep-13,120.02,,
8-Sep-13,116.59,,
7-Sep-13,119.05,,
6-Sep-13,116.32,,
5-Sep-13,120.53,120.53,B
4-Sep-13,120.57,,
3-Sep-13,127.59,,
2-Sep-13,127.36,,
1-Sep-13,128.26,,
31-Aug-13,129.46,,
30-Aug-13,123.23,,
29-Aug-13,117.52,,
28-Aug-13,117.59,,
27-Aug-13,117.45,,
26-Aug-13,112.23,,
25-Aug-13,111.79,,
24-Aug-13,108.69,,
23-Aug-13,107.55,,
22-Aug-13,109.73,,
21-Aug-13,111.44,,
20-Aug-13,105.01,,
19-Aug-13,102.30,,
18-Aug-13,98.84,,
17-Aug-13,99.56,,
16-Aug-13,98.33,,
15-Aug-13,97.54,,
14-Aug-13,97.96,,
13-Aug-13,97.90,,
12-Aug-13,95.08,,
11-Aug-13,94.16,,
10-Aug-13,93.29,,
9-Aug-13,93.36,,
8-Aug-13,94.77,,
7-Aug-13,96.92,,
6-Aug-13,97.13,,
5-Aug-13,96.92,,
4-Aug-13,96.60,,
3-Aug-13,96.66,,
2-Aug-13,97.24,,
1-Aug-13,96.42,,
31-Jul-13,97.91,,
30-Jul-13,96.31,,
29-Jul-13,93.30,,
28-Jul-13,92.10,,
27-Jul-13,89.10,,
26-Jul-13,90.63,,
25-Jul-13,89.41,,
24-Jul-13,87.46,,
23-Jul-13,86.94,,
22-Jul-13,86.09,,
21-Jul-13,85.47,,
20-Jul-13,85.67,,
19-Jul-13,85.78,,
18-Jul-13,85.43,,
17-Jul-13,90.54,,
16-Jul-13,92.74,,
15-Jul-13,93.14,,
14-Jul-13,90.37,,
13-Jul-13,91.39,,
12-Jul-13,88.46,,
11-Jul-13,91.22,,
10-Jul-13,84.51,,
9-Jul-13,74.22,,
8-Jul-13,74.56,,
7-Jul-13,72.51,,
6-Jul-13,66.85,,
5-Jul-13,66.34,,
4-Jul-13,77.68,,
3-Jul-13,76.89,,
2-Jul-13,87.66,,
1-Jul-13,84.61,,
30-Jun-13,97.51,,
29-Jun-13,95.00,,
28-Jun-13,94.66,,
27-Jun-13,101.74,,
26-Jun-13,104.00,,
25-Jun-13,103.33,,
24-Jun-13,102.09,,
23-Jun-13,107.90,,
22-Jun-13,108.20,,
21-Jun-13,109.50,,
20-Jun-13,111.29,,
19-Jun-13,108.25,,
18-Jun-13,107.35,,
17-Jun-13,101.95,,
16-Jun-13,99.90,,
15-Jun-13,99.80,,
14-Jun-13,100.00,,
13-Jun-13,103.95,,
12-Jun-13,108.78,,
11-Jun-13,109.00,,
10-Jun-13,106.35,,
9-Jun-13,100.44,,
8-Jun-13,107.89,,
7-Jun-13,111.00,,
6-Jun-13,118.97,,
5-Jun-13,121.90,,
4-Jun-13,121.40,,
3-Jun-13,120.74,,
2-Jun-13,122.50,,
1-Jun-13,129.30,,
31-May-13,128.82,,
30-May-13,128.80,,
29-May-13,132.25,,
28-May-13,129.00,,
27-May-13,129.77,,
26-May-13,133.50,,
25-May-13,131.99,,
24-May-13,133.10,,
23-May-13,126.30,,
22-May-13,123.80,,
21-May-13,122.89,,
20-May-13,122.02,,
19-May-13,122.50,,
18-May-13,123.21,,
17-May-13,123.50,,
16-May-13,118.21,,
15-May-13,114.22,,
14-May-13,111.40,,
13-May-13,117.98,,
12-May-13,114.82,,
11-May-13,115.64,,
10-May-13,117.70,,
9-May-13,112.80,,
8-May-13,113.20,,
7-May-13,109.60,,
6-May-13,112.25,,
5-May-13,115.98,,
4-May-13,112.90,,
3-May-13,98.10,,
2-May-13,106.25,,
1-May-13,116.38,,
30-Apr-13,139.23,,
29-Apr-13,144.00,,
28-Apr-13,134.44,,
27-Apr-13,128.00,,
26-Apr-13,136.90,,
25-Apr-13,141.71,,
24-Apr-13,154.20,,
23-Apr-13,143.47,,
22-Apr-13,127.40,,
21-Apr-13,119.20,,
20-Apr-13,126.62,,
19-Apr-13,118.48,,
18-Apr-13,109.01,,
17-Apr-13,93.07,,
16-Apr-13,68.36,,
15-Apr-13,82.39,,
14-Apr-13,90.00,,
13-Apr-13,93.00,,
12-Apr-13,117.00,117.00,A
11-Apr-13,124.90,,
10-Apr-13,165.00,,
9-Apr-13,230.00,,
8-Apr-13,187.50,,
7-Apr-13,162.30,,
6-Apr-13,142.63,,
5-Apr-13,142.32,,
4-Apr-13,132.12,,
3-Apr-13,135.00,,
2-Apr-13,117.98,,
1-Apr-13,104.00,,
31-Mar-13,93.03,,
30-Mar-13,92.19,,
29-Mar-13,90.50,,
28-Mar-13,86.18,,
27-Mar-13,88.92,,
26-Mar-13,78.50,,
25-Mar-13,73.60,,
24-Mar-13,71.50,,
23-Mar-13,64.35,,
22-Mar-13,69.86,,
21-Mar-13,70.85,,
20-Mar-13,64.49,,
19-Mar-13,59.14,,
18-Mar-13,51.60,,
17-Mar-13,47.40,,
16-Mar-13,47.00,,
15-Mar-13,46.95,,
14-Mar-13,47.17,,
13-Mar-13,46.92,,
12-Mar-13,44.29,,
11-Mar-13,48.40,,
10-Mar-13,46.00,,
9-Mar-13,46.85,,
8-Mar-13,44.18,,
7-Mar-13,42.00,,
6-Mar-13,41.02,,
5-Mar-13,40.33,,
4-Mar-13,36.15,,
3-Mar-13,34.50,,
2-Mar-13,34.25,,
1-Mar-13,34.50,,
28-Feb-13,33.38,,
27-Feb-13,30.90,,
26-Feb-13,31.10,,
25-Feb-13,30.40,,
24-Feb-13,29.89,,
23-Feb-13,29.80,,
22-Feb-13,30.25,,
21-Feb-13,29.75,,
20-Feb-13,29.64,,
19-Feb-13,29.42,,
18-Feb-13,26.95,,
17-Feb-13,26.81,,
16-Feb-13,27.22,,
15-Feb-13,27.10,,
14-Feb-13,27.22,,
13-Feb-13,24.20,,
12-Feb-13,25.17,,
11-Feb-13,24.65,,
10-Feb-13,23.97,,
9-Feb-13,23.65,,
8-Feb-13,22.66,,
7-Feb-13,22.15,,
6-Feb-13,21.18,,
5-Feb-13,20.60,,
4-Feb-13,20.43,,
3-Feb-13,20.59,,
2-Feb-13,19.63,,
1-Feb-13,20.50,,
31-Jan-13,20.41,,
30-Jan-13,19.70,,
29-Jan-13,19.53,,
28-Jan-13,18.72,,
27-Jan-13,17.82,,
26-Jan-13,17.88,,
25-Jan-13,17.40,,
24-Jan-13,16.90,,
23-Jan-13,17.50,,
22-Jan-13,17.26,,
21-Jan-13,16.80,,
20-Jan-13,15.70,,
19-Jan-13,15.61,,
18-Jan-13,15.70,,
17-Jan-13,15.50,,
16-Jan-13,14.73,,
15-Jan-13,14.25,,
14-Jan-13,14.30,,
13-Jan-13,14.12,,
12-Jan-13,14.24,,
11-Jan-13,14.14,,
10-Jan-13,14.14,,
9-Jan-13,13.77,,
8-Jan-13,13.74,,
7-Jan-13,13.59,,
6-Jan-13,13.45,,
5-Jan-13,13.44,,
4-Jan-13,13.50,,
3-Jan-13,13.40,,
2-Jan-13,13.28,,
1-Jan-13,13.30,,
31-Dec-12,13.51,,
30-Dec-12,13.45,,
29-Dec-12,13.40,,
28-Dec-12,13.42,,
27-Dec-12,13.42,,
26-Dec-12,13.47,,
25-Dec-12,13.35,,
24-Dec-12,13.38,,
23-Dec-12,13.31,,
22-Dec-12,13.37,,
21-Dec-12,13.50,,
20-Dec-12,13.52,,
19-Dec-12,13.60,,
18-Dec-12,13.30,,
17-Dec-12,13.25,,
16-Dec-12,13.30,,
15-Dec-12,13.49,,
14-Dec-12,13.60,,
13-Dec-12,13.70,,
12-Dec-12,13.70,,
11-Dec-12,13.56,,
10-Dec-12,13.43,,
9-Dec-12,13.39,,
8-Dec-12,13.42,,
7-Dec-12,13.50,,
6-Dec-12,13.30,,
5-Dec-12,13.38,,
4-Dec-12,13.41,,
3-Dec-12,12.68,,
2-Dec-12,12.50,,
1-Dec-12,12.56,,
30-Nov-12,12.56,,
29-Nov-12,12.45,,
28-Nov-12,12.35,,
27-Nov-12,12.20,,
26-Nov-12,12.25,,
25-Nov-12,12.48,,
24-Nov-12,12.41,,
23-Nov-12,12.34,,
22-Nov-12,12.42,,
21-Nov-12,11.77,,
20-Nov-12,11.73,,
19-Nov-12,11.80,,
18-Nov-12,11.65,,
17-Nov-12,11.79,,
16-Nov-12,11.75,,
15-Nov-12,11.20,,
14-Nov-12,10.95,,
13-Nov-12,10.95,,
12-Nov-12,11.01,,
11-Nov-12,10.87,,
10-Nov-12,10.89,,
9-Nov-12,10.81,,
8-Nov-12,10.92,,
7-Nov-12,10.92,,
6-Nov-12,10.90,,
5-Nov-12,10.75,,
4-Nov-12,10.80,,
3-Nov-12,10.64,,
2-Nov-12,10.47,,
1-Nov-12,10.57,,
31-Oct-12,11.20,,
30-Oct-12,10.89,,
29-Oct-12,10.60,,
28-Oct-12,10.70,,
27-Oct-12,10.26,,
26-Oct-12,10.17,,
25-Oct-12,10.86,,
24-Oct-12,11.65,,
23-Oct-12,11.65,,
22-Oct-12,11.71,,
21-Oct-12,11.63,,
20-Oct-12,11.74,,
19-Oct-12,11.74,,
18-Oct-12,11.94,,
17-Oct-12,11.81,,
16-Oct-12,11.85,,
15-Oct-12,11.84,,
14-Oct-12,11.74,,
13-Oct-12,11.86,,
12-Oct-12,12.00,,
11-Oct-12,12.03,,
10-Oct-12,12.12,,
9-Oct-12,11.89,,
8-Oct-12,11.78,,
7-Oct-12,11.80,,
6-Oct-12,12.50,,
5-Oct-12,12.69,,
4-Oct-12,12.85,,
3-Oct-12,12.89,,
2-Oct-12,12.84,,
1-Oct-12,12.40,,
30-Sep-12,12.40,,
29-Sep-12,12.36,,
28-Sep-12,12.39,,
27-Sep-12,12.31,,
26-Sep-12,12.27,,
25-Sep-12,12.20,,
24-Sep-12,12.10,,
23-Sep-12,12.19,,
22-Sep-12,12.24,,
21-Sep-12,12.37,,
20-Sep-12,12.28,,
19-Sep-12,12.57,,
18-Sep-12,12.25,,
17-Sep-12,11.89,,
16-Sep-12,11.87,,
15-Sep-12,11.75,,
14-Sep-12,11.67,,
13-Sep-12,11.40,,
12-Sep-12,11.36,,
11-Sep-12,11.33,,
10-Sep-12,11.17,,
9-Sep-12,11.02,,
8-Sep-12,11.04,,
7-Sep-12,11.00,,
6-Sep-12,11.18,,
5-Sep-12,11.00,,
4-Sep-12,10.38,,
3-Sep-12,10.53,,
2-Sep-12,10.20,,
1-Sep-12,9.97,,
31-Aug-12,10.16,,
30-Aug-12,10.78,,
29-Aug-12,10.92,,
28-Aug-12,10.94,,
27-Aug-12,10.95,,
26-Aug-12,10.61,,
25-Aug-12,10.52,,
24-Aug-12,10.60,,
23-Aug-12,10.10,,
22-Aug-12,9.81,,
21-Aug-12,9.91,,
20-Aug-12,10.10,,
19-Aug-12,8.00,,
18-Aug-12,11.61,,
17-Aug-12,11.58,,
16-Aug-12,13.50,,
15-Aug-12,13.25,,
14-Aug-12,12.19,,
13-Aug-12,12.04,,
12-Aug-12,11.62,,
11-Aug-12,11.51,,
10-Aug-12,11.39,,
9-Aug-12,11.06,,
8-Aug-12,11.06,,
7-Aug-12,11.10,,
6-Aug-12,10.86,,
5-Aug-12,10.87,,
4-Aug-12,10.98,,
3-Aug-12,10.97,,
2-Aug-12,10.53,,
1-Aug-12,9.55,,
31-Jul-12,9.35,,
30-Jul-12,9.10,,
29-Jul-12,8.71,,
28-Jul-12,8.89,,
27-Jul-12,8.90,,
26-Jul-12,8.90,,
25-Jul-12,8.80,,
24-Jul-12,8.60,,
23-Jul-12,8.45,,
22-Jul-12,8.41,,
21-Jul-12,8.85,,
20-Jul-12,8.52,,
19-Jul-12,8.87,,
18-Jul-12,9.11,,
17-Jul-12,8.80,,
16-Jul-12,8.50,,
15-Jul-12,7.62,,
14-Jul-12,7.54,,
13-Jul-12,7.67,,
12-Jul-12,7.76,,
11-Jul-12,7.15,,
10-Jul-12,7.20,,
9-Jul-12,7.02,,
8-Jul-12,6.80,,
7-Jul-12,6.76,,
6-Jul-12,6.65,,
5-Jul-12,6.67,,
4-Jul-12,6.51,,
3-Jul-12,6.45,,
2-Jul-12,6.76,,
1-Jul-12,6.63,,
30-Jun-12,6.69,,
29-Jun-12,6.65,,
28-Jun-12,6.61,,
27-Jun-12,6.65,,
26-Jun-12,6.42,,
25-Jun-12,6.30,,
24-Jun-12,6.35,,
23-Jun-12,6.43,,
22-Jun-12,6.55,,
21-Jun-12,6.68,,
20-Jun-12,6.67,,
19-Jun-12,6.50,,
18-Jun-12,6.31,,
17-Jun-12,6.16,,
16-Jun-12,6.40,,
15-Jun-12,6.50,,
14-Jun-12,5.95,,
13-Jun-12,5.93,,
12-Jun-12,5.70,,
11-Jun-12,5.57,,
10-Jun-12,5.47,,
9-Jun-12,5.56,,
8-Jun-12,5.63,,
7-Jun-12,5.59,,
6-Jun-12,5.46,,
5-Jun-12,5.44,,
4-Jun-12,5.27,,
3-Jun-12,5.21,,
2-Jun-12,5.25,,
1-Jun-12,5.27,,
31-May-12,5.18,,
30-May-12,5.13,,
29-May-12,5.15,,
28-May-12,5.14,,
27-May-12,5.14,,
26-May-12,5.10,,
25-May-12,5.15,,
24-May-12,5.12,,
23-May-12,5.14,,
22-May-12,5.10,,
21-May-12,5.10,,
20-May-12,5.09,,
19-May-12,5.10,,
18-May-12,5.12,,
17-May-12,5.10,,
16-May-12,5.09,,
15-May-12,5.03,,
14-May-12,5.01,,
13-May-12,4.93,,
12-May-12,4.95,,
11-May-12,4.96,,
10-May-12,4.85,,
9-May-12,5.04,,
8-May-12,5.05,,
7-May-12,5.06,,
6-May-12,5.05,,
5-May-12,5.08,,
4-May-12,5.07,,
3-May-12,5.13,,
2-May-12,5.07,,
1-May-12,5.00,,
30-Apr-12,4.95,,
29-Apr-12,4.90,,
28-Apr-12,4.98,,
27-Apr-12,5.11,,
26-Apr-12,5.10,,
25-Apr-12,5.13,,
24-Apr-12,5.10,,
23-Apr-12,4.96,,
22-Apr-12,5.20,,
21-Apr-12,5.26,,
20-Apr-12,5.35,,
19-Apr-12,5.14,,
18-Apr-12,5.12,,
17-Apr-12,4.98,,
16-Apr-12,4.93,,
15-Apr-12,4.97,,
14-Apr-12,4.96,,
13-Apr-12,4.94,,
12-Apr-12,4.92,,
11-Apr-12,4.93,,
10-Apr-12,4.84,,
9-Apr-12,4.87,,
8-Apr-12,4.79,,
7-Apr-12,4.69,,
6-Apr-12,4.95,,
5-Apr-12,4.92,,
4-Apr-12,4.91,,
3-Apr-12,4.95,,
2-Apr-12,4.97,,
1-Apr-12,4.83,,
31-Mar-12,4.91,,
30-Mar-12,4.86,,
29-Mar-12,4.81,,
28-Mar-12,4.79,,
27-Mar-12,4.81,,
26-Mar-12,4.62,,
25-Mar-12,4.55,,
24-Mar-12,4.68,,
23-Mar-12,4.69,,
22-Mar-12,4.70,,
21-Mar-12,4.81,,
20-Mar-12,4.84,,
19-Mar-12,4.69,,
18-Mar-12,5.28,,
17-Mar-12,5.22,,
16-Mar-12,5.34,,
15-Mar-12,5.33,,
14-Mar-12,5.38,,
13-Mar-12,5.27,,
12-Mar-12,4.89,,
11-Mar-12,4.91,,
10-Mar-12,4.83,,
9-Mar-12,4.86,,
8-Mar-12,4.93,,
7-Mar-12,4.94,,
6-Mar-12,4.99,,
5-Mar-12,4.98,,
4-Mar-12,4.82,,
3-Mar-12,4.61,,
2-Mar-12,4.70,,
1-Mar-12,4.92,,
29-Feb-12,4.86,,
28-Feb-12,4.87,,
27-Feb-12,4.96,,
26-Feb-12,4.92,,
25-Feb-12,4.77,,
24-Feb-12,5.03,,
23-Feb-12,5.01,,
22-Feb-12,4.42,,
21-Feb-12,4.27,,
20-Feb-12,4.36,,
19-Feb-12,4.39,,
18-Feb-12,4.22,,
17-Feb-12,4.41,,
16-Feb-12,4.27,,
15-Feb-12,4.33,,
14-Feb-12,4.46,,
13-Feb-12,5.26,,
12-Feb-12,5.51,,
11-Feb-12,5.60,,
10-Feb-12,5.91,,
9-Feb-12,5.83,,
8-Feb-12,5.60,,
7-Feb-12,5.69,,
6-Feb-12,5.45,,
5-Feb-12,5.69,,
4-Feb-12,5.87,,
3-Feb-12,5.96,,
2-Feb-12,6.10,,
